{
    "cv_folds": 5,
    "k_values": [
        1,
        2,
        3,
        4,
        5,
        6,
        7,
        8,
        9,
        10,
        11,
        12,
        13,
        14,
        15,
        16,
        17,
        18,
        19,
        20,
        21,
        22,
        23,
        24,
        25,
        26,
        27,
        28,
        29,
        30
    ],
    "without_weight_lifestyle_only": {
        "metric": "manhattan",
        "final_k_stability_aware": 3,
        "final_mean_cv_accuracy": 0.830406821059236,
        "final_std_cv_accuracy": 0.012114419029243453,
        "euclidean_mean_accuracy": [
            0.8133452096848284,
            0.7977222054160643,
            0.8019786449755191,
            0.7906109598556912,
            0.7787749431391662,
            0.7673971743246725,
            0.7598243196307127,
            0.7550861035483402,
            0.7479804600405588,
            0.7370833473384648,
            0.7285503008302242,
            0.7186066574793004,
            0.7176587901807222,
            0.7115021343820376,
            0.7025052379191735,
            0.6958735280606814,
            0.6849764153585874,
            0.6840274276494908,
            0.678823120791458,
            0.6778741330823613,
            0.6750305311866268,
            0.6688738753879421,
            0.6631889124175098,
            0.6565560821484991,
            0.6551342812006319,
            0.6541886547230906,
            0.651342812006319,
            0.648029758103369,
            0.6437699573123592,
            0.6418708614836477
        ],
        "euclidean_std_accuracy": [
            0.018001935686411133,
            0.009392276075629416,
            0.01573942670922617,
            0.01601607982184204,
            0.017550577931043542,
            0.01757644121284125,
            0.014267687106952281,
            0.014902371190423024,
            0.019764349591798604,
            0.019060455352037438,
            0.023680637044454077,
            0.021285661114624394,
            0.01822146901524014,
            0.018017657192867843,
            0.0122627590732784,
            0.014524671382270283,
            0.01791177508286195,
            0.022170763343287582,
            0.021255646616642265,
            0.021509634479379466,
            0.018943129239857977,
            0.02504903276901945,
            0.024830447667396446,
            0.025184469251325135,
            0.026009320541096358,
            0.026390058020505664,
            0.02934989285461332,
            0.026804752242614405,
            0.022168351858240613,
            0.02693127208951001
        ],
        "manhattan_mean_accuracy": [
            0.8356111279172689,
            0.820928148073454,
            0.830406821059236,
            0.8237717499691888,
            0.8228261234916474,
            0.814288595341333,
            0.8000851511993995,
            0.7953435738854717,
            0.7891902793183422,
            0.7740311250042016,
            0.7702441374519624,
            0.7602948920484465,
            0.7574501697421936,
            0.7498728334061601,
            0.7413476297715483,
            0.7404053645255622,
            0.7361354800398866,
            0.7280819692335271,
            0.7214525001960719,
            0.7238210480319989,
            0.7133989893897124,
            0.7129239353299048,
            0.7067661591207017,
            0.7053477194043898,
            0.7001333288516912,
            0.6968191545382229,
            0.6935027394037175,
            0.6939710710004146,
            0.6868654274926334,
            0.6873382407314039
        ],
        "manhattan_std_accuracy": [
            0.01593561798499456,
            0.01111192096995035,
            0.012114419029243453,
            0.014743994272070488,
            0.018254552431730124,
            0.024939111396105662,
            0.020881181639021404,
            0.02616446458969563,
            0.018142845060777683,
            0.025581206086354814,
            0.023038698678183877,
            0.024808955495638524,
            0.027784236469784895,
            0.023714790544275857,
            0.024895433225730602,
            0.02258205991763847,
            0.023431864590214516,
            0.02657405790137228,
            0.021620455434148415,
            0.026729901828146937,
            0.02782360966128749,
            0.025228653967507626,
            0.026654773925002904,
            0.022821783571245726,
            0.018524060220943023,
            0.014742594997013584,
            0.018507385968287476,
            0.022458428877203795,
            0.025985938562184098,
            0.027571227903647025
        ],
        "selection_rule": "Within 1% of best mean; choose lowest std; tie -> smaller K"
    },
    "with_weight_lifestyle_plus_weight": {
        "metric": "manhattan",
        "final_k_stability_aware": 3,
        "final_mean_cv_accuracy": 0.8919901852038589,
        "final_std_cv_accuracy": 0.006172317648957355,
        "manhattan_mean_accuracy": [
            0.8919890647933402,
            0.8844106080467885,
            0.8919901852038589,
            0.8810919520912461,
            0.8791984583151266,
            0.8706710138594781,
            0.8706732546805149,
            0.8668817854862022,
            0.8583565818515904,
            0.8512509383438092,
            0.8498392210906076,
            0.8493641670308,
            0.8465272875981761,
            0.8446259509484275,
            0.8408344817541147,
            0.8356245728434899,
            0.8337254770147782,
            0.8256719662084187,
            0.8180946298723853,
            0.8180957502829036,
            0.8147815759694353,
            0.8100433598870627,
            0.8019898490807031,
            0.798197259475872,
            0.7963060065207893,
            0.7920417240877058,
            0.7934612842145362,
            0.7858805866469475,
            0.7868295743560442,
            0.781616304213864
        ],
        "manhattan_std_accuracy": [
            0.01614505049154595,
            0.010682845261909529,
            0.006172317648957355,
            0.011119704060960205,
            0.010967081228539554,
            0.015375774044712746,
            0.019018849116250573,
            0.018357375909078173,
            0.02301923026300351,
            0.019071799374032205,
            0.020377540835843172,
            0.015435364937348903,
            0.0209281706568008,
            0.01897064234289111,
            0.018311371645215953,
            0.02131872989995018,
            0.020915675193458386,
            0.019254056917617758,
            0.018328224909291438,
            0.01961975680935658,
            0.01829861943154283,
            0.019149586634466028,
            0.01951411894819256,
            0.01840712650979369,
            0.015047766306470652,
            0.01825571896613705,
            0.017455980990812515,
            0.021568751239214118,
            0.021207040614521194,
            0.022832143673789485
        ],
        "selection_rule": "Within 1% of best mean; choose lowest std; tie -> smaller K"
    }
}